distrito,seccion,Total,PSOE,CHA,IU,PP,PAR,PODEMOS,CIUDADANOS
1,001,461,25,6,12,162,11,62,45
1,001,458,35,11,16,144,9,67,41
1,002,621,64,11,32,90,20,116,40
1,002,550,52,19,18,95,14,96,26
1,003,677,72,16,46,107,17,139,40
1,004,557,60,16,24,63,19,120,41
1,004,563,66,20,32,91,12,101,35
1,005,571,58,22,21,97,14,84,47
1,005,578,72,13,22,96,6,100,44
1,006,720,74,17,33,125,17,136,38
1,008,592,48,25,46,47,9,145,19
1,008,611,68,26,47,41,5,135,18
1,009,598,64,18,42,92,10,115,34
1,009,566,46,13,47,94,13,114,30
1,012,691,57,11,21,167,17,112,53
1,015,625,53,11,24,75,6,111,27
1,015,613,47,12,24,80,14,135,34
1,017,696,67,32,20,102,24,135,50
1,019,666,70,12,16,181,17,81,44
1,019,660,54,13,7,194,16,74,51
1,020,825,56,25,29,114,16,129,35
1,021,807,78,14,32,89,13,122,27
1,021,807,64,19,23,122,9,139,45
1,023,794,81,35,21,119,24,132,42
1,023,765,94,28,16,108,15,133,42
1,024,481,55,9,16,102,6,65,24
1,024,564,59,21,22,94,20,90,37
1,025,459,55,9,14,107,10,64,21
1,025,473,46,12,9,111,11,85,27
1,026,545,69,16,9,96,13,87,33
1,027,483,62,13,13,86,7,76,30
1,027,478,58,7,12,84,15,57,27
1,030,449,44,9,16,93,8,80,27
1,030,509,51,13,21,83,12,80,37
1,031,425,19,10,17,109,7,61,30
1,031,448,24,5,20,110,8,69,36
1,032,534,27,6,7,211,10,57,54
1,032,606,26,10,10,235,19,46,54
1,033,465,35,15,15,120,16,58,33
1,033,484,34,20,19,106,12,68,28
1,034,485,38,4,7,92,10,70,27
1,034,440,43,2,10,69,11,65,26
1,036,536,30,18,20,100,13,109,35
1,036,602,57,11,16,125,9,96,37
1,038,401,19,8,23,97,8,65,18
1,038,432,25,7,15,102,7,60,37
1,039,398,27,6,7,122,19,44,42
1,039,456,25,7,11,166,21,42,40
1,040,628,39,12,22,177,12,71,41
1,041,553,41,17,21,71,6,103,17
1,041,547,50,17,35,68,10,94,21
1,043,572,53,19,28,85,11,103,28
1,043,643,63,24,37,104,13,105,41
2,001,419,19,8,10,183,11,26,39
2,001,437,18,8,5,185,12,30,40
2,002,633,34,13,19,214,32,52,54
2,003,716,48,10,20,234,10,87,54
2,004,828,40,10,18,328,34,52,94
2,005,790,20,9,8,378,35,42,98
2,006,647,21,8,7,269,22,51,66
2,006,733,22,6,10,302,37,42,79
2,008,475,38,4,9,165,15,52,41
2,008,444,25,6,9,164,16,40,38
2,009,808,61,14,26,178,8,116,76
2,010,534,33,4,9,171,10,68,41
2,010,626,29,9,14,211,10,77,62
2,012,591,46,5,11,183,16,63,51
2,012,522,41,5,13,161,13,73,36
2,013,471,43,12,7,112,14,70,34
2,013,436,32,16,17,111,7,64,35
2,014,507,51,7,10,116,19,64,42
2,014,537,50,13,21,110,14,75,44
2,015,704,53,17,15,200,18,86,56
2,017,717,50,18,14,171,16,98,73
2,018,528,35,6,3,192,19,36,57
2,018,566,37,9,6,223,14,51,59
2,019,823,48,7,12,291,14,83,108
2,020,422,27,4,6,142,5,45,43
2,020,412,31,10,8,136,18,27,37
2,021,597,50,13,11,197,11,51,45
2,022,629,31,11,16,232,19,54,52
2,022,538,27,5,11,208,13,40,56
2,023,396,20,8,14,150,5,31,33
2,023,442,35,7,10,139,14,31,39
2,024,715,52,10,23,235,20,83,61
2,025,605,12,1,8,278,21,26,69
2,025,664,26,4,14,290,23,37,74
2,026,443,19,2,5,213,18,13,39
2,026,468,8,1,6,252,17,15,41
2,027,766,50,6,7,276,30,52,81
2,028,695,50,8,15,271,23,51,72
2,029,653,18,8,5,261,20,39,101
2,030,731,35,12,10,283,25,50,94
2,031,695,54,13,11,185,12,77,62
2,032,388,35,10,9,103,12,50,28
2,032,453,28,8,5,136,10,48,40
2,033,575,59,15,14,159,16,55,62
2,033,517,42,7,6,156,16,38,46
2,035,489,37,7,12,171,19,46,35
2,035,529,29,8,9,155,20,68,60
2,036,549,33,8,3,188,14,46,59
2,037,520,34,6,12,161,22,53,52
2,037,582,54,7,6,183,16,60,67
2,038,443,26,5,7,149,8,49,44
2,038,421,29,9,10,135,7,46,35
2,040,778,79,17,23,171,24,110,62
2,040,829,83,29,14,190,23,114,74
2,042,723,40,3,8,314,19,38,66
2,045,533,45,16,19,152,22,56,43
2,045,512,46,12,11,135,9,68,46
2,046,609,50,6,11,210,22,66,71
2,046,679,40,11,14,226,18,75,75
2,047,662,58,19,21,141,8,84,47
2,048,798,71,13,17,225,15,80,83
2,049,827,76,21,17,247,25,112,57
2,050,673,53,12,16,211,17,75,80
2,050,655,51,20,16,215,20,88,68
2,051,602,51,10,14,181,21,85,70
2,051,541,40,12,8,170,11,76,67
2,052,410,22,3,4,144,10,25,65
2,052,438,32,7,6,169,12,38,41
2,053,680,45,11,10,256,17,39,90
2,053,673,22,3,11,281,29,45,67
3,001,637,72,16,21,89,9,86,49
3,002,669,77,23,13,154,22,99,48
3,003,410,50,16,16,75,5,59,30
3,003,434,63,20,15,73,13,45,24
3,004,477,58,22,13,101,15,64,39
3,004,453,37,13,19,104,21,66,37
3,005,518,55,15,11,119,13,71,42
3,005,559,58,18,16,132,13,70,32
3,007,775,80,22,42,128,10,98,37
3,008,419,38,16,12,81,14,58,32
3,008,490,55,19,16,87,6,70,21
3,009,440,43,11,9,67,6,65,17
3,009,442,54,13,16,58,7,62,16
3,010,515,40,15,16,70,12,85,27
3,011,577,61,15,16,118,18,75,31
3,012,674,68,7,17,180,28,83,54
3,014,820,88,31,28,113,10,137,43
3,015,731,115,21,24,138,19,103,37
3,016,592,70,35,19,103,7,84,35
3,016,601,68,17,18,106,16,88,38
3,017,436,59,11,19,84,7,54,20
3,017,525,63,18,19,83,12,64,22
3,018,530,75,18,11,83,26,75,28
3,018,555,85,14,18,89,13,70,23
3,019,702,104,22,19,100,20,102,27
3,020,615,74,17,11,118,11,91,38
3,020,507,50,23,11,125,14,73,22
3,021,435,54,18,6,68,12,49,27
3,021,449,59,21,7,78,9,53,17
3,022,461,77,6,11,68,12,77,17
3,022,460,65,25,15,72,10,71,20
3,023,816,86,35,11,112,30,132,46
3,024,420,60,7,14,46,8,63,18
3,024,462,58,16,13,58,7,83,17
3,025,796,102,40,17,130,17,126,41
3,026,592,60,26,14,96,12,90,24
3,027,440,68,13,9,72,7,55,26
3,027,422,47,18,5,68,15,56,23
3,028,652,55,15,30,89,14,101,24
3,029,556,48,23,16,98,11,114,35
3,030,453,47,9,7,140,16,55,31
3,030,535,48,16,13,164,10,74,39
3,031,505,51,20,26,52,9,106,29
3,032,443,44,8,13,54,6,72,34
3,032,450,60,16,14,52,6,70,34
3,033,587,84,19,13,60,14,79,20
3,034,793,103,43,15,83,14,107,36
3,035,758,113,15,22,96,23,99,25
3,036,526,79,17,7,70,14,77,36
3,036,561,54,29,19,86,17,79,32
3,037,736,92,23,14,135,19,104,57
3,038,566,62,17,12,62,15,101,29
3,039,477,65,21,12,80,6,84,30
3,039,542,69,24,17,89,14,79,21
3,040,538,70,22,19,66,13,88,20
3,041,691,95,16,22,117,19,88,35
3,042,446,68,19,15,60,10,61,22
3,042,446,66,18,18,60,5,64,25
3,043,556,73,13,17,82,15,101,32
3,043,597,74,25,15,92,15,102,23
3,044,622,79,24,19,60,13,105,18
3,045,435,64,23,15,65,10,61,18
3,045,430,50,15,11,66,7,53,17
3,046,811,104,37,19,152,23,115,48
3,047,445,59,20,20,75,7,71,42
3,047,437,59,19,11,87,6,67,33
3,048,459,75,16,6,57,7,71,12
3,048,460,59,17,19,49,11,51,15
3,049,809,142,35,29,111,16,101,38
3,051,811,140,33,24,75,20,116,33
3,052,426,75,18,11,64,18,58,16
3,052,457,87,18,12,55,15,55,25
3,053,780,138,35,24,98,14,112,25
3,054,468,80,22,15,86,8,54,27
3,054,439,75,21,8,57,7,49,15
3,055,652,99,30,15,58,16,118,35
3,055,706,119,26,21,80,23,129,35
3,056,633,98,20,21,53,12,120,25
3,057,422,51,16,7,52,8,61,12
3,057,450,62,25,14,54,5,59,25
3,058,555,80,20,19,86,8,67,18
3,060,684,80,13,16,95,9,94,27
3,061,449,64,19,16,68,16,67,17
3,061,535,62,31,10,78,14,75,14
3,062,594,80,21,16,72,11,107,32
3,062,611,66,32,18,74,9,100,39
3,063,738,115,21,11,123,11,108,25
3,064,821,125,26,38,131,28,114,50
3,065,583,83,29,17,77,15,94,40
3,065,632,88,19,18,102,19,89,48
3,066,642,76,31,28,109,23,105,62
3,066,705,89,36,36,124,17,103,62
3,067,678,103,16,23,107,15,100,32
3,067,631,92,27,21,96,16,127,43
3,068,491,66,23,11,79,15,94,29
3,068,548,62,21,14,76,19,87,30
3,069,810,115,46,24,92,13,89,32
3,070,768,86,19,23,165,21,103,31
3,071,694,90,32,37,116,24,112,52
3,071,610,80,15,18,100,22,101,47
3,073,525,88,25,18,79,16,89,36
3,073,605,88,27,22,116,23,103,30
3,074,533,81,28,25,62,17,107,29
3,074,576,71,24,25,114,13,112,36
3,075,601,81,27,22,114,14,104,42
3,075,690,101,25,28,121,20,123,44
3,076,491,77,25,9,95,27,58,33
3,076,592,71,16,21,132,21,80,46
3,077,549,55,14,20,121,23,95,37
3,077,593,60,30,22,132,19,87,44
3,078,712,69,28,29,167,24,94,60
3,079,576,76,28,18,90,8,83,23
3,080,544,55,10,12,186,11,73,57
3,081,606,58,15,26,130,17,117,32
3,081,669,65,26,33,125,23,138,52
3,082,767,61,26,20,197,23,115,67
3,082,672,69,21,27,153,16,89,73
3,083,564,69,12,17,137,22,76,44
3,083,529,37,13,19,130,22,65,59
3,084,638,50,15,13,187,31,88,65
3,085,493,28,14,16,155,8,42,51
3,085,537,41,16,12,180,10,59,48
3,086,430,63,10,11,83,10,57,25
3,086,481,58,14,12,103,11,76,27
3,087,657,72,21,15,107,18,84,31
3,088,581,87,16,15,84,9,80,22
3,089,681,83,28,28,118,11,110,34
3,089,695,69,34,24,116,5,97,49
3,090,508,65,14,32,79,9,86,46
3,090,506,74,17,24,80,12,93,25
4,001,756,71,20,39,130,24,119,57
4,002,759,41,12,20,199,17,112,64
4,003,625,37,9,19,160,16,73,49
4,004,519,47,26,26,142,18,65,35
4,004,544,54,5,22,150,17,63,29
4,005,440,38,11,11,130,15,42,39
4,005,452,36,5,13,120,11,69,40
4,006,431,46,11,13,110,10,70,27
4,006,415,41,18,14,91,5,53,21
4,007,748,82,25,25,174,14,94,45
4,008,749,56,13,19,183,16,107,74
4,009,513,40,16,23,100,18,83,34
4,009,548,62,19,21,113,16,75,35
4,010,732,75,24,31,127,18,121,36
4,011,649,61,11,15,208,16,53,66
4,011,694,48,8,17,228,19,61,70
4,012,682,38,17,17,224,17,65,56
4,013,402,19,5,9,140,6,42,46
4,013,458,28,3,12,145,10,54,55
4,014,703,32,12,11,246,19,72,72
4,015,631,61,24,24,154,14,77,56
4,016,552,36,12,20,159,16,80,52
4,016,566,46,22,24,151,18,87,44
4,017,699,84,18,31,185,17,98,47
4,018,783,54,17,29,196,12,105,65
4,021,522,42,9,17,142,12,71,37
4,021,554,35,20,20,155,17,68,33
4,023,531,47,7,13,147,20,82,33
4,023,547,64,10,16,148,20,64,37
4,024,422,26,7,12,116,17,41,42
4,024,419,28,15,8,117,19,41,32
4,025,487,43,11,11,95,9,94,36
4,025,533,42,13,11,143,13,70,41
4,027,558,45,11,14,121,10,110,28
4,027,536,47,14,18,92,5,104,29
4,028,492,49,17,12,93,6,81,43
4,028,534,34,13,20,113,15,84,43
4,029,563,45,12,17,169,12,70,38
4,029,509,36,5,8,146,9,76,52
4,031,683,41,12,12,176,5,82,65
4,033,458,42,16,17,127,10,57,31
4,033,478,39,11,23,129,7,84,20
4,034,421,19,12,18,122,9,59,46
4,034,455,43,20,12,106,13,68,34
4,035,653,50,14,21,180,23,95,71
4,036,440,24,14,7,139,8,46,53
4,036,446,40,7,13,150,19,55,35
4,037,749,42,9,22,270,23,62,87
4,037,804,47,10,18,285,25,73,104
4,038,647,49,16,12,172,12,91,51
4,038,694,59,15,10,174,12,121,62
4,039,726,132,29,17,83,10,108,26
4,040,543,62,11,11,70,8,101,46
4,041,510,47,11,15,125,20,54,59
4,041,558,58,15,10,137,20,68,54
4,042,789,30,6,7,290,19,53,92
4,042,737,30,6,6,309,15,46,111
4,043,816,41,17,23,285,23,95,64
4,044,599,53,16,10,176,13,60,99
4,044,681,57,19,10,203,23,60,90
4,045,643,42,13,12,198,12,69,69
4,045,639,37,14,18,198,18,76,59
4,046,515,72,18,19,68,8,97,28
4,048,685,83,14,20,177,22,86,82
4,048,667,69,21,19,189,23,78,72
4,049,734,62,22,38,185,25,123,80
4,051,592,54,24,27,139,15,100,66
4,051,652,44,19,24,184,19,92,78
4,052,816,59,12,11,299,16,87,111
4,053,538,37,13,7,160,13,54,84
4,053,611,43,12,11,190,16,59,91
4,054,500,35,9,11,122,10,71,56
4,054,455,25,16,13,103,10,62,44
4,055,588,32,10,26,155,26,85,89
4,055,635,38,14,17,153,25,94,90
4,055,563,44,12,21,150,15,68,91
4,056,513,47,15,7,153,11,67,72
4,056,459,42,14,9,127,10,58,76
4,057,569,40,13,12,174,27,54,73
4,057,587,36,11,11,171,16,61,86
4,057,584,31,10,9,164,23,50,85
4,058,593,47,7,17,144,27,83,86
4,058,676,51,14,13,182,29,90,91
4,059,388,12,19,10,85,7,55,59
4,059,474,32,17,12,87,11,75,68
4,060,557,62,22,23,55,10,140,64
4,060,614,71,30,16,65,5,149,58
4,060,619,51,36,16,77,11,155,62
4,061,613,72,28,21,49,12,155,67
4,061,644,57,31,23,67,11,160,69
4,061,632,63,35,18,55,13,145,58
4,062,554,37,25,6,98,7,125,79
4,062,612,44,32,22,77,19,134,77
4,063,573,34,22,31,68,14,123,71
4,063,643,40,34,26,95,5,161,76
4,064,568,39,34,15,49,7,155,63
4,064,649,45,32,29,59,13,166,73
4,064,627,47,37,27,58,7,156,72
4,065,712,50,40,25,68,12,169,93
4,065,642,35,45,22,71,13,154,77
4,066,601,43,42,23,74,12,148,72
4,066,734,64,41,28,112,15,186,63
4,066,635,64,40,32,89,14,112,72
4,067,678,56,42,37,46,6,167,68
4,067,735,66,30,22,61,10,194,89
4,068,541,44,32,17,56,8,129,60
4,068,617,43,32,27,61,15,146,69
4,068,542,42,29,18,49,12,122,69
4,069,619,36,25,22,53,7,154,43
4,069,586,42,34,15,41,7,147,65
4,070,600,57,81,11,49,10,125,79
4,070,734,51,93,22,65,6,175,64
4,070,635,41,84,11,52,9,161,66
5,001,701,115,30,31,125,15,131,40
5,001,735,112,30,22,132,31,120,42
5,002,738,79,32,24,132,27,116,59
5,002,620,70,23,30,115,18,91,53
5,003,764,109,24,22,161,10,91,58
5,004,611,61,8,11,168,11,63,55
5,004,670,71,13,11,217,16,88,42
5,005,428,37,22,10,130,7,34,34
5,005,447,38,10,8,112,12,54,51
5,006,502,54,10,17,122,7,50,30
5,006,512,57,9,14,118,13,50,22
5,007,635,91,17,14,122,29,96,56
5,007,703,96,27,23,148,21,85,52
5,008,661,87,27,26,97,14,91,41
5,008,595,83,19,14,86,17,95,50
5,009,494,53,13,27,89,21,60,38
5,009,534,51,11,18,99,17,77,52
5,010,474,67,12,13,70,11,51,21
5,010,510,61,20,14,82,14,68,15
5,011,662,82,17,25,110,18,90,33
5,012,653,108,27,20,114,25,91,34
5,012,697,127,21,32,113,24,101,38
5,013,499,70,22,19,62,19,63,31
5,013,580,78,26,17,69,11,92,37
5,014,549,54,9,4,156,23,64,65
5,014,604,48,16,13,163,16,50,61
5,015,446,65,19,11,82,15,66,15
5,015,517,74,19,12,61,14,88,21
5,016,587,105,18,15,54,19,71,18
5,017,536,66,12,23,69,11,82,32
5,018,721,100,25,32,135,30,115,48
5,019,580,85,23,12,76,10,118,32
5,019,585,61,31,21,83,11,76,33
5,020,483,63,18,18,52,10,89,25
5,020,540,82,19,24,57,7,90,31
5,021,663,93,26,33,106,9,84,39
5,022,605,69,19,22,73,13,100,44
5,022,674,71,24,28,88,9,117,41
5,023,486,51,17,19,55,8,74,17
5,023,500,56,13,10,79,15,69,20
5,024,662,67,21,29,118,10,76,36
5,025,408,48,9,10,56,12,68,19
5,025,461,40,10,9,73,11,83,30
5,026,453,48,9,11,116,15,61,40
5,026,498,38,17,10,124,13,78,39
5,027,772,85,19,17,139,11,112,72
5,028,567,37,14,13,147,12,69,40
5,028,545,56,19,6,177,10,62,34
5,030,447,32,6,11,122,9,62,29
5,030,440,32,8,9,114,14,53,26
5,031,542,55,11,23,131,18,64,36
5,031,590,66,13,18,119,8,74,35
5,032,693,73,27,33,128,12,115,36
5,033,594,79,20,15,109,10,87,42
5,033,574,67,19,18,100,14,99,38
5,034,739,66,16,31,176,33,95,60
5,034,661,54,14,20,171,12,102,59
5,036,540,76,23,14,58,13,85,36
5,036,588,81,27,18,62,7,107,35
5,037,436,28,16,14,49,13,66,32
5,037,428,51,11,22,47,5,78,19
5,038,744,77,25,27,101,14,120,46
5,039,462,56,22,16,52,6,71,21
5,039,467,66,7,20,54,8,68,13
5,040,440,62,15,16,54,12,90,20
5,040,526,73,16,18,83,9,77,29
5,041,536,61,15,18,98,7,85,22
5,041,464,49,14,17,85,10,74,22
5,042,532,58,15,21,45,6,93,30
5,042,569,74,19,15,58,8,122,23
5,043,586,89,23,21,79,13,75,39
5,043,614,90,32,20,77,11,97,38
5,044,626,91,24,12,80,20,96,38
5,044,692,106,19,21,96,17,113,34
5,045,458,68,16,17,56,14,72,29
5,045,486,64,22,13,57,29,87,22
5,046,822,104,27,34,108,17,136,45
5,047,673,63,15,22,99,10,101,39
5,047,758,83,25,37,111,20,133,51
5,048,436,63,19,14,56,12,62,30
5,048,466,61,9,12,78,16,80,35
5,049,745,86,33,26,95,20,107,38
5,050,655,80,16,16,156,15,88,38
6,001,444,44,11,9,118,15,66,28
6,001,458,54,10,12,128,13,53,28
6,002,657,77,12,17,138,20,86,54
6,003,617,90,23,14,104,21,88,28
6,003,688,94,35,15,93,17,109,32
6,004,511,73,16,34,64,8,71,33
6,004,590,91,22,33,72,15,87,33
6,005,618,87,23,19,92,24,108,50
6,005,584,75,24,19,80,25,97,36
6,006,531,94,20,23,99,11,77,23
6,007,687,94,28,25,71,21,120,26
6,008,422,63,17,25,58,12,89,19
6,008,421,51,16,17,75,12,85,25
6,009,423,85,15,22,53,14,59,16
6,009,461,100,21,16,59,23,57,22
6,010,532,66,14,20,62,16,89,33
6,010,568,57,16,28,86,12,107,38
6,010,584,68,15,17,85,19,87,28
6,011,818,127,39,16,148,29,115,47
6,013,540,90,29,10,59,11,75,23
6,014,751,139,39,24,97,10,133,0
6,015,547,108,14,8,50,7,86,19
6,015,619,99,31,21,70,8,94,25
6,016,624,104,27,18,85,9,80,35
6,017,464,79,15,10,67,9,85,22
6,017,442,85,5,6,62,14,82,18
6,018,589,73,30,21,54,18,108,26
6,019,701,124,29,11,84,12,95,16
6,020,730,115,26,22,68,7,107,14
6,021,418,74,16,19,34,10,58,16
6,021,506,70,19,19,60,14,74,18
6,022,705,139,38,18,86,23,128,36
6,022,652,115,15,28,83,27,119,19
6,024,518,87,23,14,53,13,60,15
6,024,524,82,26,13,50,13,78,11
6,025,611,78,22,19,44,11,51,12
6,026,632,99,22,14,52,10,83,17
6,027,705,100,31,16,76,21,113,26
6,028,533,101,22,11,66,5,62,27
6,028,508,94,19,22,72,16,67,20
6,029,823,156,40,29,87,10,118,24
6,030,693,97,36,32,120,16,105,31
6,031,669,126,32,20,81,21,104,28
6,032,458,84,15,20,63,8,76,18
6,032,487,99,18,12,70,10,70,20
6,033,416,72,13,19,75,12,53,13
6,033,435,52,7,15,98,9,56,37
6,034,822,157,50,32,110,14,119,42
6,035,729,98,24,55,83,15,107,45
6,036,524,74,21,22,59,12,100,34
6,036,554,58,24,13,87,20,80,22
6,037,700,130,18,10,115,18,97,29
6,038,689,104,35,21,94,11,108,27
6,039,544,95,15,16,56,13,105,28
6,039,581,84,22,27,72,18,108,25
7,001,530,54,16,17,131,15,74,38
7,001,628,82,23,17,128,20,86,52
7,001,561,54,16,16,138,16,102,41
7,002,715,129,23,25,81,12,93,33
7,003,722,126,20,24,84,23,109,68
7,003,740,103,39,22,101,21,112,51
7,004,601,115,23,21,72,21,104,25
7,004,542,88,18,18,62,11,90,26
7,005,455,70,18,18,53,19,67,31
7,005,498,104,15,24,49,17,91,25
7,006,632,111,21,14,81,13,77,42
7,006,702,112,20,19,92,15,101,41
7,007,653,109,29,30,59,16,86,40
7,007,683,115,29,16,82,13,111,34
7,008,662,66,21,25,148,18,124,62
7,008,669,77,16,37,161,16,104,60
7,009,687,107,21,21,84,20,89,21
7,009,689,107,23,27,69,12,94,34
7,014,510,23,4,5,200,17,45,65
7,014,511,22,8,6,184,14,43,54
7,015,755,101,41,26,115,16,129,63
7,015,847,142,37,34,131,17,145,57
7,016,633,84,19,25,86,22,122,58
7,016,727,103,35,43,93,24,159,60
7,017,598,99,23,32,67,9,125,49
7,017,618,94,29,34,67,8,134,61
7,018,642,86,39,32,100,17,120,63
7,018,625,88,30,33,89,22,137,66
7,019,524,67,26,22,71,15,116,43
7,019,571,62,31,19,96,12,117,49
7,020,500,73,16,30,55,14,99,24
7,020,521,79,19,23,54,11,78,30
8,001,577,68,37,17,67,9,95,26
8,001,643,77,35,18,91,16,88,27
8,002,744,106,32,18,69,8,74,21
8,003,762,90,30,22,84,19,132,45
8,004,483,57,22,12,49,5,85,31
8,004,482,51,13,6,74,9,62,40
8,005,598,36,17,21,93,13,105,42
8,005,573,41,23,16,105,20,90,51
8,006,569,69,22,15,59,6,101,47
8,006,657,69,25,17,72,13,110,34
8,006,548,52,35,13,82,12,84,45
8,007,459,38,27,13,31,15,69,21
8,007,421,57,11,13,31,10,52,21
8,008,603,75,17,8,49,7,67,21
8,009,441,46,17,8,35,13,60,22
8,009,442,62,15,6,27,11,73,22
8,010,593,31,7,22,170,15,78,67
8,010,650,44,7,24,212,25,62,75
8,011,593,68,38,13,41,14,86,51
8,011,663,98,28,17,59,11,116,37
8,011,608,72,25,17,59,5,119,36
8,012,495,68,22,15,43,6,78,19
8,012,535,77,20,19,34,18,90,14
8,013,528,62,18,13,36,11,97,32
8,013,617,65,17,17,54,14,113,44
8,014,498,73,24,11,24,8,70,30
8,014,642,80,32,20,39,7,101,31
8,014,612,84,28,21,46,7,101,43
8,015,584,47,16,33,134,7,107,60
8,016,667,59,19,15,182,17,102,56
8,017,576,41,7,14,139,19,82,76
8,017,571,43,7,11,158,21,71,75
8,017,545,39,8,7,129,13,81,81
8,018,500,43,22,9,63,14,93,54
8,018,504,46,14,11,110,15,95,32
8,019,507,63,29,11,37,10,96,47
8,019,574,77,29,19,69,12,106,41
8,020,757,57,30,19,149,17,102,114
8,020,760,75,14,22,135,21,112,104
8,021,716,70,29,21,93,19,116,69
8,021,832,88,29,24,129,14,144,72
8,022,439,41,13,14,70,7,80,37
8,022,462,48,22,11,62,19,90,42
8,023,424,44,16,11,54,8,75,44
8,023,466,40,39,14,63,12,90,31
8,024,627,41,18,20,122,17,90,71
8,024,661,51,21,15,102,27,97,74
8,025,664,34,20,15,165,16,83,125
8,025,728,47,16,12,175,24,83,124
9,001,735,94,24,24,121,17,141,28
9,002,435,60,19,15,85,11,69,29
9,002,423,49,10,14,84,14,64,28
9,003,532,59,22,25,74,16,96,35
9,003,632,64,14,38,93,19,104,40
9,003,510,58,13,24,91,11,78,45
9,004,801,104,20,17,92,25,125,39
9,005,397,64,9,17,54,3,54,24
9,005,435,68,10,13,59,4,70,11
9,006,468,81,16,8,70,15,60,29
9,006,561,96,29,11,85,9,87,24
9,007,496,76,24,22,53,8,80,18
9,007,519,72,13,29,49,11,103,25
9,008,829,107,31,44,69,13,191,43
9,009,400,43,11,13,40,3,89,15
9,009,450,55,7,21,53,13,75,21
9,010,545,67,13,39,59,12,124,24
9,010,593,81,21,20,86,11,101,31
9,012,430,48,12,16,40,15,77,28
9,012,437,49,19,24,41,10,82,21
9,013,810,101,28,21,71,14,159,32
9,014,734,94,17,15,93,14,105,30
9,015,731,110,24,19,64,11,117,44
9,016,428,55,14,18,39,11,73,15
9,016,465,58,22,14,44,5,71,17
9,017,458,54,14,6,36,13,94,20
9,017,489,57,11,19,47,14,65,30
9,018,510,64,20,22,52,13,94,19
9,018,512,76,14,25,41,12,93,26
9,019,421,64,19,11,32,0,75,16
9,019,445,53,19,17,54,3,83,24
9,020,603,81,18,43,53,10,137,30
9,020,632,73,24,33,60,12,162,31
9,021,519,77,16,36,45,4,124,26
9,021,534,76,19,41,58,5,116,34
9,022,638,108,20,28,69,17,106,29
9,022,529,80,19,11,63,12,97,28
9,023,720,63,31,29,63,13,135,36
9,023,776,87,30,25,70,10,168,37
9,024,607,81,23,28,66,13,109,35
9,024,550,62,15,18,59,17,95,34
9,025,451,66,10,16,87,11,62,29
9,025,423,48,14,13,78,8,55,31
9,026,745,71,34,37,82,19,168,62
9,026,688,61,24,36,62,20,164,44
9,027,731,47,32,21,88,21,172,91
9,028,724,53,46,25,81,11,170,90
9,028,737,54,60,29,69,14,179,89
10,001,642,78,17,26,87,24,119,39
10,001,704,85,23,37,108,11,118,46
10,002,517,75,21,26,39,12,104,37
10,002,635,85,25,36,78,9,122,41
10,002,578,67,33,26,64,9,110,51
10,003,650,68,16,24,84,12,119,25
10,003,688,85,15,28,67,17,153,35
10,004,586,101,24,31,71,11,95,34
10,004,660,96,13,32,115,16,107,37
10,005,589,60,11,26,104,5,104,19
10,006,402,66,21,11,65,11,58,21
10,006,469,81,15,19,57,4,92,26
10,008,590,112,18,33,60,15,92,18
10,008,514,89,24,26,60,8,68,20
10,009,747,119,23,24,88,12,140,29
10,010,790,125,21,18,60,13,167,21
10,011,752,99,21,26,75,6,130,40
10,012,568,46,14,13,117,14,85,37
10,012,562,63,15,14,93,18,86,49
10,013,573,101,21,19,47,9,106,19
10,014,537,60,23,11,35,7,77,32
10,014,489,64,15,8,34,4,75,30
10,015,405,60,13,19,39,10,45,19
10,015,463,75,19,14,28,10,67,15
10,016,703,67,33,30,73,12,142,36
10,016,756,97,30,24,70,12,156,51
10,017,520,72,24,13,44,12,85,25
10,017,515,60,22,13,43,13,95,22
10,018,824,91,39,22,119,12,114,69
10,019,651,76,18,39,83,15,114,50
10,019,754,106,37,43,81,9,145,55
10,020,388,50,15,17,50,8,51,17
10,020,447,36,16,23,77,15,82,20
10,021,469,53,16,15,64,9,80,29
10,021,437,48,23,30,56,12,69,17
10,023,495,49,17,21,80,11,95,44
10,023,552,57,18,25,96,11,91,38
10,024,560,93,24,28,58,12,93,39
10,025,788,118,37,25,108,12,151,34
10,026,436,82,24,6,57,10,66,24
10,026,409,90,16,12,43,9,69,12
10,027,689,104,29,41,56,9,152,24
10,028,713,81,32,27,97,18,118,31
10,028,824,127,26,34,102,22,126,35
10,029,605,105,28,18,65,22,102,21
10,030,606,87,28,27,84,15,104,27
10,030,608,98,29,38,73,11,117,38
10,031,436,80,11,32,51,8,77,23
10,031,479,75,16,29,82,13,92,24
10,032,600,100,33,25,67,9,119,19
10,032,602,101,30,29,54,9,95,23
10,033,400,55,18,17,44,6,87,29
10,033,481,67,29,11,65,10,99,22
10,034,476,79,26,20,62,21,70,20
10,034,438,83,17,16,73,5,64,13
10,035,477,55,16,35,60,11,99,50
10,035,544,51,28,27,89,13,88,58
10,036,706,113,37,30,62,25,134,24
10,037,500,45,29,26,47,9,129,43
10,037,559,56,35,22,46,15,156,54
10,038,509,70,18,16,53,12,98,23
10,038,485,77,18,10,66,11,95,25
10,039,518,63,23,10,71,4,102,54
10,039,516,63,23,18,79,10,90,43
10,040,457,58,17,12,86,9,79,42
10,040,518,60,25,9,87,15,95,53
10,041,791,103,33,21,156,9,130,101
10,041,843,85,23,24,158,19,153,92
10,042,620,88,21,24,114,12,92,70
10,042,631,59,24,16,130,21,94,80
10,043,544,65,20,36,65,12,109,50
10,043,587,72,24,32,50,13,128,40
10,043,548,80,28,37,64,16,99,35
10,044,614,91,26,62,67,10,131,40
10,044,587,82,17,51,54,12,133,43
10,045,456,67,23,17,57,5,112,34
10,045,430,45,14,16,62,14,89,39
10,046,575,59,25,16,74,13,99,54
10,046,624,68,22,17,74,29,102,59
10,046,567,56,28,22,85,12,89,59
10,047,590,129,23,20,60,7,107,19
10,047,584,121,24,31,56,12,115,28
10,048,601,77,26,23,65,13,109,66
10,048,631,79,26,21,83,16,132,66
10,048,638,82,30,17,86,20,137,63
10,049,801,82,37,34,139,22,157,65
10,049,855,79,34,31,115,28,180,82
10,050,486,49,21,10,72,10,72,54
10,050,530,63,28,18,84,10,98,58
10,051,834,91,29,31,69,8,166,50
10,051,771,106,23,27,102,16,153,61
10,052,521,74,35,26,58,11,128,30
10,052,545,79,40,27,56,17,123,32
10,053,588,76,30,23,83,12,117,36
10,053,609,75,23,33,80,10,136,35
10,053,535,64,22,20,74,12,122,42
10,054,795,103,47,29,63,19,156,58
10,054,817,96,39,36,97,18,132,58
10,055,651,82,19,17,63,10,107,39
10,055,600,59,24,15,61,10,109,43
10,056,797,119,33,29,62,9,169,19
10,057,729,87,17,23,69,8,147,26
10,057,670,79,15,31,43,6,123,35
10,058,577,97,24,24,72,6,113,47
10,058,624,66,34,25,108,8,123,48
10,059,729,79,21,47,95,12,162,50
10,060,610,62,22,26,113,13,114,70
10,060,644,72,34,21,126,13,101,92
10,061,675,88,20,19,99,18,129,61
10,061,748,78,20,21,133,21,137,82
10,062,527,91,16,19,55,8,139,29
10,062,574,122,21,25,44,9,148,43
10,063,518,60,17,16,104,17,73,58
10,063,571,66,18,10,121,23,80,70
10,064,555,49,21,19,107,10,100,70
10,064,568,48,21,17,114,17,93,63
10,064,555,56,12,27,105,13,86,57
10,065,674,70,26,21,108,22,128,70
10,065,765,83,26,36,114,21,125,83
10,066,821,79,61,46,102,14,154,75
10,067,641,66,28,18,90,24,140,68
10,067,680,92,25,26,106,24,123,62
10,068,569,68,11,27,97,6,120,35
10,069,736,90,48,24,68,10,120,68
10,069,793,91,49,28,96,19,130,63
10,070,439,57,18,17,70,11,83,43
10,070,459,67,19,22,83,6,83,28
10,071,591,59,19,23,117,14,98,74
10,071,610,77,20,16,112,22,98,70
10,072,733,83,38,33,116,15,143,50
10,073,497,70,20,25,77,9,96,32
10,073,538,85,29,24,64,15,93,47
10,074,595,64,34,32,81,23,101,46
10,074,665,92,37,21,97,21,127,68
10,074,570,61,34,20,86,13,123,52
10,075,816,114,45,17,111,14,161,36
10,076,478,55,16,19,73,8,90,50
10,076,522,59,23,13,69,10,91,50
10,077,618,68,18,19,92,14,117,64
10,077,705,72,21,32,112,9,102,81
10,078,786,90,33,57,119,20,158,64
10,079,576,56,16,20,70,10,111,64
10,079,555,48,20,24,66,9,115,59
10,080,481,45,15,24,50,6,96,46
10,080,539,50,29,19,53,14,79,57
10,081,672,71,37,21,84,10,125,71
10,081,748,76,34,24,91,17,156,85
10,082,646,74,29,28,112,23,117,59
10,082,683,75,28,27,106,22,108,101
10,083,390,43,27,21,48,11,79,38
10,083,444,44,38,18,59,10,85,60
10,084,473,45,23,15,76,15,99,57
10,084,515,51,23,11,71,17,91,76
10,085,614,61,26,20,73,20,127,62
10,085,717,63,27,27,83,26,154,67
10,086,619,54,31,29,61,7,169,70
10,086,698,67,59,53,81,9,152,63
10,087,531,43,35,14,62,11,119,23
10,087,540,46,40,16,56,10,102,31
10,088,615,72,31,24,100,30,104,77
10,088,521,54,18,27,96,17,91,68
10,089,465,58,22,15,87,18,69,62
10,089,506,52,18,21,72,17,64,81
10,090,459,59,30,13,63,13,91,27
10,090,482,61,22,25,68,21,85,29
10,091,456,34,17,23,60,11,94,58
10,091,449,40,17,28,59,9,105,37
11,001,661,41,14,10,130,14,67,41
11,001,648,37,11,6,103,8,46,49
11,002,542,65,18,15,65,11,67,17
11,003,569,75,16,11,78,9,87,57
11,003,545,63,23,9,84,13,87,50
11,003,465,47,9,12,58,15,93,28
11,004,422,49,18,23,64,11,70,23
11,004,432,52,21,27,55,10,76,20
11,006,486,30,18,14,105,12,68,25
11,006,472,44,22,12,91,8,53,22
11,007,426,38,15,8,54,22,67,15
11,007,464,49,25,11,62,16,63,25
11,008,565,52,22,5,89,21,74,41
11,008,527,72,22,14,81,25,74,34
11,009,587,65,25,17,85,13,86,50
11,009,530,50,22,18,66,4,83,38
11,010,526,61,19,26,66,8,79,49
11,010,558,62,29,14,82,5,102,65
11,011,543,57,22,28,68,12,116,41
11,011,575,55,29,38,62,13,103,44
11,012,800,59,13,16,250,23,91,88
11,013,476,39,8,7,101,16,56,38
11,013,543,54,12,13,97,9,73,31
11,015,605,39,31,28,96,21,110,71
11,015,651,57,24,30,79,17,127,89
11,015,583,47,26,28,78,23,111,70
11,016,667,75,29,40,77,9,126,42
11,016,676,91,37,24,60,12,131,49
11,017,778,94,16,22,130,10,139,45
11,018,571,65,22,20,109,10,87,53
11,018,601,70,27,24,83,23,97,59
11,018,564,64,15,20,88,12,92,54
11,019,550,58,25,11,83,18,85,73
11,019,554,58,29,22,64,12,106,67
12,001,584,68,21,16,102,13,76,45
12,001,609,54,15,14,76,5,117,50
12,001,574,50,15,18,91,9,89,39
12,002,728,33,8,1,280,21,36,60
12,003,826,124,27,20,116,20,81,54
12,003,765,120,28,24,95,19,121,40
12,004,514,63,14,11,46,9,85,25
12,004,587,78,17,19,59,11,101,27
12,005,563,91,27,15,49,9,85,18
12,005,607,113,31,41,43,16,110,19
12,006,622,95,25,22,69,10,86,14
12,006,558,113,17,15,64,8,88,22
12,007,699,118,21,37,73,8,84,23
12,008,774,110,22,39,80,19,115,40
12,009,750,34,12,5,94,10,70,44
12,009,736,35,12,11,126,8,95,58
12,010,589,53,9,13,127,11,85,69
